Account Executive Name,Mega Region,Channel,H2'21 NB Quota,H2'21 CO Quota,H2 Total Quota,Tenure based ramp status,Status as of 12/31
Rep1,APACx,MM,52500,0,52500,Fully Ramped,active
Rep2,MEA,MM,37994,0,37994,Fully Ramped,active
Rep3,MEA,MM,152587,210000,362587,Fully Ramped,active
Rep4,LatAm,SMB,60000,0,60000,Partially Ramped,active
Rep5,APACx,MM,285319,0,285319,Fully Ramped,active
Rep6,APACx,ENT,189668,0,189668,Partially Ramped,active
Rep7,US&Can,SMB,103950,0,103950,Partially Ramped,active
Rep8,LatAm,ENT,140250,0,140250,Partially Ramped,active
Rep9,LatAm,ENT,115500,0,115500,Partially Ramped,active
Rep10,APACx,ENT,25462,0,25462,Partially Ramped,active
Rep11,LatAm,MM,109725,0,109725,Partially Ramped,active
Rep12,APACx,ENT,189668,0,189668,Partially Ramped,active
Rep13,US&Can,MM,222585,0,222585,Partially Ramped,active
Rep14,US&Can,SMB,103950,0,103950,Partially Ramped,active
Rep15,APACx,MM,175000,115000,290000,Fully Ramped,active
Rep16,US&Can,MM,180000,0,180000,Fully Ramped,active
Rep17,US&Can,SMB,103950,0,103950,Partially Ramped,active
Rep18,US&Can,SMB,103950,0,103950,Partially Ramped,active
Rep19,US&Can,SMB,103950,0,103950,Partially Ramped,active
Rep20,LatAm,SMB,30000,0,30000,Partially Ramped,active
Rep21,LatAm,SMB,60000,0,60000,Partially Ramped,active
Rep22,US&Can,SMB,103950,0,103950,Partially Ramped,active
Rep23,US&Can,SMB,103950,0,103950,Partially Ramped,active
Rep24,LatAm,SMB,60000,0,60000,Partially Ramped,active
Rep25,US&Can,SMB,103950,0,103950,Partially Ramped,active
Rep26,Europe,MM,137940,0,137940,Partially Ramped,active
Rep27,US&Can,MM,180000,0,180000,Fully Ramped,active
Rep28,US&Can,SMB,103950,0,103950,Partially Ramped,active
Rep29,US&Can,ENT,282150,0,282150,Partially Ramped,active
Rep30,LatAm,ENT,132500,67500,200000,Fully Ramped,active
Rep31,Europe,MM,418000,270750,688750,Fully Ramped,active
Rep32,US&Can,MM,343812,0,343812,Fully Ramped,active
Rep33,US&Can,MM,745500,441000,1186500,Fully Ramped,active
Rep34,LatAm,SMB,60000,0,60000,Partially Ramped,active
Rep35,US&Can,MM,194283,0,194283,Partially Ramped,active
Rep36,US&Can,MM,674500,399000,1073500,Fully Ramped,active
Rep37,US&Can,SMB,103950,0,103950,Partially Ramped,active
Rep38,US&Can,SMB,103950,0,103950,Partially Ramped,active
Rep39,APACx,MM,113440,0,113440,Partially Ramped,active
Rep40,APACx,MM,379943,341250,721193,Fully Ramped,active
Rep41,Europe,MM,456000,356250,812250,Fully Ramped,active
Rep43,US&Can,ENT,902500,555750,1458250,Fully Ramped,active
Rep44,US&Can,MM,745500,280013,1025513,Fully Ramped,active
Rep45,US&Can,SMB,103950,0,103950,Partially Ramped,active
Rep46,LatAm,MM,195541,253571,449112,Fully Ramped,active
Rep47,US&Can,ENT,945000,724500,1669500,Fully Ramped,active
Rep48,US&Can,MM,197505,0,197505,Partially Ramped,active
Rep49,US&Can,MM,674500,399000,1073500,Fully Ramped,active
Rep50,US&Can,MM,674500,399000,1073500,Fully Ramped,active
Rep51,LatAm,MM,109725,0,109725,Partially Ramped,active
Rep52,LatAm,ENT,425000,385000,810000,Fully Ramped,active
Rep53,US&Can,MM,618765,0,618765,Fully Ramped,active
Rep54,US&Can,SMB,261450,0,261450,Fully Ramped,active
Rep55,US&Can,SMB,103950,0,103950,Partially Ramped,active
Rep57,US&Can,MM,598500,151470,749970,Fully Ramped,active
Rep58,US&Can,MM,131670,0,131670,Partially Ramped,active
Rep59,US&Can,SMB,103950,0,103950,Partially Ramped,active
Rep60,LatAm,SMB,60000,0,60000,Partially Ramped,active
Rep61,LatAm,MM,195541,253571,449112,Fully Ramped,active
Rep62,US&Can,MM,188522,0,188522,Partially Ramped,active
Rep63,LatAm,ENT,350000,300000,650000,Fully Ramped,active
Rep64,US&Can,MM,180000,0,180000,Fully Ramped,active
Rep65,US&Can,MM,674500,399000,1073500,Fully Ramped,active
Rep66,US&Can,ENT,855000,655500,1510500,Fully Ramped,active
Rep67,LatAm,SMB,60000,0,60000,Partially Ramped,active
Rep69,LatAm,MM,195541,103950,299491,Fully Ramped,active
Rep70,LatAm,MM,109725,0,109725,Partially Ramped,active
Rep71,LatAm,MM,162299,0,162299,Fully Ramped,active
Rep72,Europe,MM,297360,393750,691110,Fully Ramped,active
Rep73,MEA,MM,144958,68310,213268,Fully Ramped,active
Rep74,US&Can,ENT,855000,655500,1510500,Fully Ramped,active
Rep75,LatAm,SMB,60000,0,60000,Partially Ramped,active
Rep76,US&Can,SMB,103950,0,103950,Partially Ramped,active
Rep77,US&Can,MM,661500,483000,1144500,Fully Ramped,active
Rep78,MEA,MM,144958,68310,213268,Fully Ramped,active
Rep79,LatAm,SMB,60000,0,60000,Partially Ramped,active
Rep80,LatAm,SMB,30000,0,30000,Partially Ramped,active
Rep81,US&Can,MM,674500,151470,825970,Fully Ramped,active
Rep82,Europe,MM,330000,200000,530000,Fully Ramped,active
Rep83,US&Can,SMB,103950,0,103950,Partially Ramped,active
Rep84,US&Can,MM,745500,441000,1186500,Fully Ramped,active
Rep85,LatAm,MM,162299,0,162299,Fully Ramped,active
Rep86,Europe,MM,346500,210000,556500,Fully Ramped,active
Rep87,US&Can,SMB,103950,0,103950,Partially Ramped,active
Rep88,Europe,MM,330000,200000,530000,Fully Ramped,active
Rep89,US&Can,MM,496755,0,496755,Fully Ramped,active
Rep90,Europe,MM,103455,0,103455,Partially Ramped,inactive
Rep91,US&Can,MM,559835,0,559835,Fully Ramped,active
Rep92,US&Can,ENT,945000,245062,1190062,Fully Ramped,active
Rep93,US&Can,MM,559835,0,559835,Fully Ramped,active
Rep94,US&Can,ENT,855000,223545,1078545,Fully Ramped,active
Rep95,Europe,MM,0,0,0,No Quota,active
Rep96,US&Can,MM,246015,0,246015,Partially Ramped,active
Rep97,US&Can,ENT,282150,0,282150,Partially Ramped,active
Rep99,US&Can,SMB,103950,0,103950,Partially Ramped,inactive
Rep100,US&Can,ENT,945000,245062,1190062,Fully Ramped,active
Rep101,US&Can,SMB,103950,0,103950,Partially Ramped,active
Rep102,LatAm,ENT,350000,0,350000,Fully Ramped,active
Rep103,LatAm,SMB,30000,0,30000,Partially Ramped,active
Rep104,APACx,MM,17325,0,17325,Partially Ramped,active
Rep105,Europe,SMB,216000,0,216000,Fully Ramped,active
Rep106,LatAm,SMB,60000,0,60000,Partially Ramped,active
Rep107,LatAm,MM,216125,280263,496388,Fully Ramped,active
Rep108,Europe,MM,150480,0,150480,Partially Ramped,active
Rep109,APACx,MM,343758,308750,652508,Fully Ramped,inactive
Rep110,Europe,ENT,603750,472500,1076250,Fully Ramped,active
Rep111,LatAm,MM,367500,330750,698250,Fully Ramped,active
Rep112,Europe,MM,418000,270750,688750,Fully Ramped,active
Rep113,LatAm,ENT,425000,0,425000,Fully Ramped,active
Rep114,US&Can,SMB,103950,0,103950,Partially Ramped,active
Rep115,Europe,MM,346500,210000,556500,Fully Ramped,active
Rep116,US&Can,MM,59400,0,59400,Partially Ramped,active
Rep117,MEA,MM,152587,210000,362587,Fully Ramped,active
Rep118,Europe,MM,456000,356250,812250,Fully Ramped,active
Rep119,Europe,ENT,565250,384750,950000,Fully Ramped,active
Rep120,Europe,MM,313500,190000,503500,Fully Ramped,active
Rep121,Europe,SMB,216000,0,216000,Fully Ramped,inactive
Rep122,US&Can,ENT,945000,245062,1190062,Fully Ramped,inactive
Rep123,US&Can,SMB,103950,0,103950,Partially Ramped,active
Rep124,US&Can,ENT,997500,0,997500,Fully Ramped,active
Rep125,Europe,MM,330000,200000,530000,Fully Ramped,inactive
Rep126,Europe,MM,504000,393750,897750,Fully Ramped,active
Rep127,Europe,ENT,546250,427500,973750,Fully Ramped,active
Rep128,US&Can,ENT,311850,0,311850,Partially Ramped,inactive
Rep129,Europe,MM,0,0,0,No Quota,active
Rep130,Europe,MM,504000,393750,897750,Fully Ramped,inactive
Rep131,US&Can,MM,745500,441000,1186500,Fully Ramped,inactive
Rep133,US&Can,SMB,103950,0,103950,Partially Ramped,inactive
Rep135,Europe,SMB,216000,0,216000,Fully Ramped,inactive
Rep136,US&Can,SMB,103950,0,103950,Partially Ramped,inactive
Rep137,MEA,MM,0,0,0,No Quota,active
Rep138,MEA,MM,0,0,0,No Quota,active
Rep139,US&Can,MM,0,0,0,No Quota,active
Rep140,US&Can,MM,0,0,0,No Quota,active
Rep141,Europe,MM,0,0,0,No Quota,active
Rep142,APACx,ENT,0,0,0,No Quota,active
Rep143,APACx,ENT,0,0,0,No Quota,active
Rep144,India,MM,0,0,0,No Quota,inactive
Rep145,India,MM,0,0,0,No Quota,active
Rep146,India,MM,0,0,0,No Quota,active
Rep147,India,MM,0,0,0,No Quota,active
Rep148,US&Can,ENT,0,0,0,No Quota,active
Rep149,US&Can,ENT,0,0,0,No Quota,active
Rep150,US&Can,ENT,0,0,0,No Quota,active
Rep151,US&Can,ENT,0,0,0,No Quota,active
Rep152,US&Can,ENT,0,0,0,No Quota,active
Rep153,US&Can,SMB,0,0,0,No Quota,active
Rep154,US&Can,SMB,0,0,0,No Quota,active
Rep155,US&Can,SMB,0,0,0,No Quota,active
Rep156,US&Can,SMB,0,0,0,No Quota,active
Rep157,US&Can,SMB,0,0,0,No Quota,active
Rep158,US&Can,SMB,0,0,0,No Quota,active
Rep159,US&Can,SMB,0,0,0,No Quota,active
Rep160,India,MM,0,0,0,No Quota,active
Rep161,India,MM,0,0,0,No Quota,active
Rep162,India,MM,0,0,0,No Quota,active
Rep163,India,ENT,0,0,0,No Quota,active
Rep164,India,ENT,0,0,0,No Quota,inactive
Rep165,India,ENT,0,0,0,No Quota,active
Rep166,Europe,ENT,0,0,0,No Quota,active
Rep167,Europe,MM,0,0,0,No Quota,active
Rep169,APACx,ENT,0,0,0,No Quota,active
Rep170,Europe,MM,0,0,0,No Quota,active
Rep171,Europe,MM,0,0,0,No Quota,active
Rep172,Europe,EXT,0,0,0,No Quota,active
Rep173,Europe,MM,0,0,0,No Quota,active
Rep174,APACx,MM,0,0,0,No Quota,active
Rep175,APACx,ENT,0,0,0,No Quota,active
Rep177,MEA,MM,0,0,0,No Quota,active
Rep178,US&Can,SMB,0,0,0,No Quota,active
Rep179,US&Can,SMB,0,0,0,No Quota,active
Rep181,MEA,MM,0,0,0,No Quota,active
Rep182,Europe,SMB,0,0,0,No Quota,active
Rep183,Europe,SMB,0,0,0,No Quota,active
Rep184,Europe,ENT,0,0,0,No Quota,active
Rep185,US&Can,SMB,0,0,0,No Quota,active
Rep186,US&Can,SMB,0,0,0,No Quota,active
Rep187,US&Can,SMB,0,0,0,No Quota,active
Rep188,US&Can,SMB,0,0,0,No Quota,active
Rep189,US&Can,SMB,0,0,0,No Quota,active
Rep190,Europe,MM,0,0,0,No Quota,active
Rep192,US&Can,Gov,0,0,0,No Quota,active
Rep193,US&Can,Gov,0,0,0,No Quota,active
Rep194,US&Can,Gov,0,0,0,No Quota,active
Rep195,APACx,ENT,0,0,0,No Quota,active
